originProductNo,channelProductNo,name,price,stock,status
11760641607,11815327167,HP Z440 워크스테이션 베어본 제온 E5-1670 V3 장착 RAM/HDD/VGA 없음,250000,10,SALE
11760581198,11815266480,벤큐 EX3200R EW2480 모니터 전용 아답타 19V 3.33A 20V 3.25A 호환 어댑터,12000,100,SALE
11760508007,11815192938,HP Z440 제온 E5-1670 V3 16G SSD+HDD GTX730 Win11 중고 워크스테이션,390000,10,SALE
11760214854,11814898811,삼성전자 PC 4세대 본체 미들형 DB400T3A i5-4570 8G 240G Win7,146000,10,SALE
11760169689,11814853409,삼성전자 아티브북 NT270E5U i5 3세대 8G 250GB 가정용 사무용,150000,10,SALE
11760122982,11814806674,삼성전자 노트북 플러스 NT551XCJ i5 10세대 8G 256GB 가정용 사무용,380000,2,SALE
11737713311,11792323732,LG ODD DVD Super-Multi DVD 멀티 미사용 벌크 GH-22NS50 GH-24NSD5,15000,70,SALE
11737665714,11792275876,LG 27인치 리퍼 모니터 27MN430HW FHD IPS 사무용 게임용 가정용 게이밍,120000,1,SALE
11729845995,11784433475,HP 엘리트북 840 G5 i5 7300U 16G 256G 사무용 가정용 노트북,190000,3,SALE
11729564224,11784150077,마이크로소프트 서피스 프로 i5-7300U 8G 256G Win11 Pro,290000,1,SALE
11729201214,11783785046,라이트온 샌디스크 SSD 벌크 M.2 SATA 256GB 랜덤발송,25000,308,SALE
11729195917,11783779736,삼성 SK 하이닉스 SSD 벌크 M.2 SATA 256GB 랜덤발송,29000,28,SALE
11723900175,11778467635,와콤 타블렛 인튜어스 프로 중형 PTH-651,20000,19,SALE
11720350352,11774908822,BATTERY CHARGER 8.4V0.8A 어댑터 아답타 BPC-06784 빅솔론 바코드 프린터 호환 충전기,9000,6,SALE
11705008086,11759514184,영국 홍콩 파워 케이블 전원 케이블 BS-1363 1.5m,4500,3,SALE
11691751940,11746217281,HP PC EliteDesk 800 G1 Tower 사무용 컴퓨터 가정용 본체 i5-4세대,160000,30,SALE
11680391069,11734819508,USB-C Multiport Video Adapter with 8K DisplayPort & PD 201046_V C타입 젠더,15000,30,SALE
11680187878,11734615208,HP 정품 65W USB-C 전원 아답타 어댑터 TPN-CA06 USB-PD,40000,30,SALE
11680133908,11734560946,DELL P2214H P2217H P2219H 랜덤발송 피벗 22인치 모니터 IPS LED 사무용 가정용,45000,20,SALE
11676000650,11730413209,LG 29인치 울트라 와이드 모니터 LED 29UM57 게임용 가정용 사무용,130000,0,SUSPENSION
11675913438,11730325524,삼성전자 27인치 모니터 LS27F350 사무용 가정용 게임용,90000,0,OUTOFSTOCK
11675849270,11730260996,LG전자 27인치 모니터 LED 27MK600M FHD 듀얼 틸트 게임용 가정용 게이밍,90000,0,OUTOFSTOCK
11670920316,11725315086,넥시 NX0009 USB2.0 AM to BM USB케이블 1.8m,1200,300,SALE
11670877042,11725271626,강원전자 넷메이트 USB2.0 AM-BM 프린터 케이블 1.5m,1000,300,SALE
11670795781,11725189905,LG전자 34인치 커브드 모니터 160Hz 34WP65C 울트라 와이드 게이밍 게임용,270000,0,OUTOFSTOCK
11667219026,11721600644,LG 27인치 모니터 27MP400 FHD 듀얼 틸트 사무용 게임용 가정용 게이밍,90000,1,SALE
11646779195,11701091020,비아코 미니PC MLDBS50H 시리즈 6세대 미니 PC 망분리 PC,120000,30,SALE
11642428245,11696723459,LG 그램 바닥 고무 15Z995 14Z980 14T990 노트북 받침대 고무 그램 노트북,1000,960,SALE
11642260389,11696554983,시스코장비-PDU UPS 파워케이블 C15 to 파워코드 2M,15000,2,SALE
11642229245,11696523829,ASUS P8Z77-V 인텔 Z77 메인보드 1155소켓,25000,0,OUTOFSTOCK
11642094528,11696388659,GIGABYTE 기가바이트 GA-Z77-DS3H 인텔 Z77 메인보드 1155소켓,25000,0,OUTOFSTOCK
11641921092,11696214535,ASUS P8Z77-V LE PLUS 인텔 Z77 메인보드 1155소켓,25000,0,OUTOFSTOCK
11641712172,11696004991,GIGABYTE 기가바이트 GA-Z68X-UD3H-B3 인텔 Z68 메인보드 1155소켓,25000,0,OUTOFSTOCK
11638856003,11693140969,GIGABYTE 기가바이트 GA-B250M-D3H 인텔 B250 메인보드 1151소켓,35000,0,OUTOFSTOCK
11638696969,11692980510,GIGABYTE 기가바이트 GA-H170M-D3H 인텔 H170 메인보드 1151소켓,35000,1,SUSPENSION
11638344601,11692626764,ASRock 애즈락 Z97 Pro4 인텔 Z97 메인보드 1150소켓,25000,0,OUTOFSTOCK
11638069932,11692351085,GIGABYTE 기가바이트 GA-Z87-HD3 인텔 Z87 메인보드 1150소켓,25000,1,SALE
11637428084,11691706836,GIGABYTE 기가바이트 GA-Z87X-UD3H 인텔 Z87 메인보드 1150소켓,25000,0,OUTOFSTOCK
11637123038,11691400487,GIGABYTE 기가바이트 GA-B75-D3H 인텔 B75 메인보드 1155소켓,25000,25,SALE
11633900682,11688168748,ASUS PRIME H370-A 인텔 H370 메인보드 1151v2소켓,40000,0,OUTOFSTOCK
11633728733,11687995689,ASUS EX-H310M-V3 인텔 H310 메인보드 1151v2소켓,40000,0,OUTOFSTOCK
11633554596,11687820444,GIGABYTE 기가바이트 GA-Z370M-D3H 인텔 Z370 메인보드 1151v2소켓,40000,0,OUTOFSTOCK
11633239848,11687504241,ASRock B360M PRO4 인텔 B360 메인보드 1151v2소켓,40000,0,OUTOFSTOCK
11633075640,11687339325,ASRock Z390 PRO4 인텔 Z370 메인보드 1151v2소켓,40000,0,OUTOFSTOCK
11632757970,11687020320,ASUS H170M-PRO 인텔 H170 메인보드 1151소켓,35000,0,OUTOFSTOCK
11632410893,11686672071,GIGABYTE 기가바이트 GA-B250M-DS3H 인텔 B250 메인보드 1151소켓,35000,0,SUSPENSION
11623448119,11677679006,MSI Z270 PC MATE 인텔 Z270 메인보드 1151소켓,35000,0,OUTOFSTOCK
11623309928,11677539758,GIGABYTE 기가바이트 GA-Z270-HD3 인텔 Z270 메인보드 1151소켓,35000,0,OUTOFSTOCK
11623201878,11677430890,ASRock Z370M PRO4 인텔 Z370 메인보드 1151v2소켓,40000,0,OUTOFSTOCK
11622975906,11677203464,ASRock 애즈락 H310CM-DVS 인텔 B310 메인보드 1151v2소켓,35000,0,OUTOFSTOCK
11622835068,11677061933,GIGABYTE 기가바이트 B365M-H 인텔 B365 메인보드 1151v2소켓,40000,0,OUTOFSTOCK
11622563433,11676789569,LG전자 24MP400W 평면 FHD 24인치 중고 모니터 가정용 업무용 게임용 모니터,60000,0,OUTOFSTOCK
11614379456,11668575926,데스크탑 HP ProDesk 400 G2 SFF 사무용 컴퓨터 가정용 본체 i5-4세대,150000,100,SALE
11614355302,11668551591,데스크탑 HP ProDesk 400 G2 SFF 사무용 컴퓨터 가정용 본체 i3-4세대,120000,99,SALE
11613942736,11668136431,HP 미니PC i5-9세대 ProDesk 600G5 미니 데스크탑 가정용 사무용,350000,1,SALE
11613900997,11668094503,HP 미니PC i5-8세대 ProDesk 600G4 미니 데스크탑 가정용 사무용,280000,6,SALE
11613738528,11667931433,HP 미니PC i5-7세대 ProDesk 600G3 미니 데스크탑 가정용 사무용,240000,3,SALE
11613708814,11667901645,HP 미니PC i5-6세대 ProDesk 600G3 미니 데스크탑 가정용 사무용,210000,8,SALE
11608594913,11662771117,HP 미니PC i5-6세대 ProDesk 600G2 미니 데스크탑 가정용 사무용,210000,17,SALE
11608360980,11662535744,GIGABYTE 기가바이트 게이밍 그래픽카드 중고 VGA GV-N730D5-2GI,40000,13,SALE
11608268971,11662443451,GIGABYTE 기가바이트 게이밍 그래픽카드 중고 VGA GV-N730-2GI,40000,21,SALE
11608193850,11662368056,시스코 전화기 아답타 어댑터 48V 0.917A  EADP-48EB B,7000,500,SALE
11605349901,11659516662,ASUS H110M-K 인텔 H110M 6세대 7세대 메인보드 1151소켓,29500,4,SALE
11605267607,11659433697,GIGABYTE 기가바이트 GA-B150M-D3V 인텔 B150M 메인보드 1151소켓,29500,2,SALE
11605189629,11659355100,GIGABYTE 기가바이트 GA-H110M-DS2V 인텔 H110M 6세대 메인보드 1151소켓,29500,0,OUTOFSTOCK
11604984410,11659148736,델타 DELTA 19V 4.74A  중고 4핀 아답타 어댑터 ADP-90MD,12000,50,SALE
11604860133,11659023841,5V 4A 신품 아답타 어댑터 외경 5.5mm 내경 2.5mm JPW128KA0503N04,5000,49,SALE
11604719149,11658882250,시스코 AP 전원 아답타 중고 어댑터 48V 0.38A  AA25480L,7000,98,SALE
11604015957,11658175623,아이피타임 IPTIME N007 듀얼밴드 외장형 무선 안테나 7dBi 신품 벌크,5000,1996,SUSPENSION
11480715388,11534467534,HP 미니PC i5-4세대 ProDesk 600G1 미니 데스크탑 가정용 사무용,99000,3,UNADMISSION
11479704230,11533451143,POLYCOM Polycom 폴리컴 사무실 회의용 컨퍼런스 중고 전화기 사운드스테이션2 EX,100000,2,SALE
11479659856,11533406595,POLYCOM Polycom 폴리컴 사무실 회의용 컨퍼런스 중고 전화기 사운드스테이션 IP7000,200000,1,SALE
11479610507,11533357072,POLYCOM Polycom 폴리컴 사무실 회의용 컨퍼런스 중고 전화기 사운드스테이션 IP6000,150000,0,OUTOFSTOCK
11479539640,11533285785,HP 정품 노트북 충전기 어댑터 19.5V 6.15A 120W 7.4mm 5.0mm,25000,99,SALE
11479528273,11533274359,AMD 마운팅키트 세트,500,100,SALE
11479514936,11533260960,LG 24인치 24MR400용 모니터 다리 모니터 받침대 모니터 암,15000,27,SALE
11471732567,11525453625,"LP 그래픽카드 브라켓 VGA 가이드 HDMI, DVI, RGB 세트",1000,21,SALE
11471629317,11525349957,라이트컴 COMS BT511 LGA2011 쿨러 가이드 인텔 쿨러 브라켓,700,2,SALE
11470563825,11524280386,만능 길이조절 백플레이트 빽플레이트 인텔 CPU 가이드 CPU 패널 브라켓,900,1000,SALE
11466428417,11520134076,LG 47WV50MS-B 사이니지 DID 패널 47인치 광고용 모니터 디지털 메뉴판,1000000,0,OUTOFSTOCK
11461313046,11515001135,DC 12V 2A 어댑터 전원 아답타 충전기 공유기 DEC1220NY 중앙 1심,3500,70,SALE
11449505500,11503160078,HP 미니PC i5-6세대 ProDesk 400G3 미니 데스크탑 가정용 사무용,180000,1,SALE
11449496157,11503150687,HP 미니PC i5-5세대 ProDesk 400G2 미니 데스크탑 가정용 사무용,180000,4,SALE
11449447774,11503101999,HP 미니PC 펜티엄 ProDesk 400G2 미니 데스크탑 가정용 사무용,100000,1,SALE
11440644481,11494260207,HP 서버렉 서버랙 Server Rack,300000,9,SALE
11409108112,11462595969,LG전자 24MK600M FHD IPS 24인치 중고 모니터 가정용 업무용 게임용 모니터,60000,2,SUSPENSION
11389227992,11442653746,LG 모니터 정품 중고 아답타 19V 1.3A 전원일체형 벌크 어댑터 ADS-40FSG-19,6000,953,SALE
11380240502,11433636911,LG전자 24MP400 평면 FHD 24인치 중고 모니터 가정용 업무용 게임용 모니터,60000,0,OUTOFSTOCK
11380026330,11433421413,앱코 파워 서플라이 SUITMASTER SETTLER 600W 80PLUS스탠다드 230V EU,40000,0,OUTOFSTOCK
11375003443,11428381399,LG전자 24MQ400 24인치 프리싱크 화면분할 모니터 게임모드,130000,0,OUTOFSTOCK
11374908237,11428285751,LG전자 24MP400 평면 FHD 24인치 모니터 가정용 업무용 게임용 모니터,130000,3,SUSPENSION
11374625278,11428001357,LG전자 22EN430 22EN430H 와이드 평면 FHD 22인치 모니터 가정용 게이밍 모니터,130000,1,SALE
11374545736,11427921481,LG전자 22MR410 FHD 22인치 모니터 가정용 게이밍 모니터,117000,0,OUTOFSTOCK
11341578040,11394860361,LG그램 노트북 사무용 노트북 15Z995 i5-10210U 16G 512G Win11 15Z90N 대체출고,650000,8,SUSPENSION
11341216440,11394497026,고객님 예약상품 Z640,480000,0,OUTOFSTOCK
11329972837,11383213586,LG 55WV70MD 사이니지 DID 패널55인치 광고용모니터 디지털 메뉴판,600000,10,SALE
11328918559,11382154155,LG 47WV30 사이니지 DID 패널 47인치 광고용 모니터 디지털 메뉴판,300000,10,SALE
11325413753,11378639289,PLC 컴퓨터 XP 컴퓨터 산업용 PC 임베디드  디지털 멀티미디어 시스템 키오스크용 컴퓨터,250000,20,SALE
11324910920,11378133958,어댑터 아답터 12V2A 공유기 소형전자기기 가정용 충전기 SGN-1202,4900,1795,SALE
11315203634,11368397089,레노버 정품 전원아답터 20V 8.5A 170W 사각팁 슬림팁 노트북 어댑터,45000,9,SUSPENSION
11315088302,11368281211,레노버 정품 전원아답터 20V 4.5A 90W 사각팁 슬림팁 노트북 어댑터,18000,77,SALE
11314137959,11367326934,삼성전자 소딤 DDR4 25600 3200AA RAM 8GB 노트북용 메모리,20000,0,OUTOFSTOCK
11298878074,11352017857,ASRock IMB-390-L Micro ATX 마더보드 6세대 7세대 메인보드,45000,1,SALE
11298095849,11351231484,카메라 아답타 어댑터 12V 1A  WB-12G12,5000,600,SALE
11289482000,11342591468,기가바이트 GTX1050 Ti NVIDIA GeForce GV-N105TOC-4GL LP700000타입,70000,0,OUTOFSTOCK
11289395810,11342504749,셋탑박스 아답타 화이트 어댑터 5V 2A  전원일체형 외경 5.5mm 내경 2.1mm~2.5mm,2500,100,SALE
11289366239,11342474986,ASRock IMB-1225 Mini-ITX 마더보드 10세대 메인보드,100000,1,SUSPENSION
11289258186,11342366452,ASRock IMB-194-L Mini-ITX 마더보드 6세대 7세대 메인보드,60000,7,SALE
11289033855,11342141056,KT 셋탑박스 아답타 어댑터 5V 2A  전원일체형 외경 5.5mm 내경 2.1mm,1800,98,SALE
11288883605,11341990090,큐센 유선 미니키보드 저소음 무소음 멤브레인 사무용 GP-K7000 블랙,9000,0,OUTOFSTOCK
11280853846,11333931476,DELL 정품 아답타 19.5V 3.34A 노트북 어댑터 충전기 가정용 차량용 콤보 DA65NS3-00,15000,10,SALE
11280767515,11333844921,Dell PS2타입 키보드 마우스 전원 분배 케이블 Y자 케이블 DP/N 0D4002,1000,50,SALE
11239716844,11292681693,폴리컴 CX500 CX600 아답타 어댑터 SPA12A24B,10000,28,SALE
11191403165,11244231519,앱코 파워 서플라이 80PLUS Bronze 시리즈 TN600W,40000,6,SALE
11191086790,11243913423,앱코 파워 서플라이 ABKONCORE MT 500W 80PLUS 스탠다드 230V EU,30000,1,SALE
11190914429,11243740112,앱코 파워 서플라이 SUITMASTER SETTLER 700W 80PLUS 스탠다드 230V EU,50000,13,SALE
11190437075,11243260332,앱코 파워 서플라이 ATX 파워 PC 파워 XP-700N,35000,0,OUTOFSTOCK
11182437810,11235233806,LG 55인치 원퀵 Pro 55CT5WJ 올인원 디스플레이 화상회의,1900000,1,SALE
11178966041,11231750701,LG 모니터 전용 32인치~35인치 모니터 다리,25000,0,OUTOFSTOCK
11174667473,11227439891,12V 7A 고효율 어댑터 PDA 모니터 아답터 벌크 (외경5.5mm-내경2.5mm) ATS090-P120,9500,47,SALE
11165154466,11217901006,LG 슬림 조립 PC i5 6세대 사무용 가정용 풀셋트+ 24인치 LG LED 모니터 풀제공,390000,100,SALE
11165143526,11217889970,LG 슬림 조립 PC i5 6세대 사무용 가정용 풀셋트+ 22인치 LG LED 모니터 풀제공,370000,100,SALE
11165137409,11217883814,LG 슬림 조립 PC i5 6세대 사무용 가정용 풀셋트+ 24인치 LG LED 모니터 풀제공,390000,100,SALE
11165132537,11217878908,LG 슬림 조립 PC i5 6세대 사무용 가정용 풀셋트+ 22인치 LG LED 모니터 풀제공,370000,100,SALE
11165004129,11217749850,LG 슬림 조립 PC i5 4세대 사무용 가정용 풀셋트+ 24인치 LG LED 모니터 풀제공,250000,100,SALE
11164997451,11217743138,LG 슬림 조립 PC i5 4세대 사무용 가정용 풀셋트+ 22인치 LG LED 모니터 풀제공,230000,100,SALE
11164966930,11217712476,LG 슬림 조립 PC i5 4세대 사무용 가정용 풀셋트+ 24인치 LG LED 모니터 풀제공,250000,100,SALE
11164932862,11217678267,LG 슬림 조립 PC i5 4세대 사무용 가정용 풀셋트+ 22인치 LG LED 모니터 풀제공,230000,100,SALE
11156459158,11209177013,노트북 하드디스크 1TB 중고 HDD 2.5인치 삼성 히다찌 WD 랜덤발송,26500,18,SALE
11126437855,11179063643,"LG그램 노트북 15Z90N-VP70ML i7-1065g7 16G 256G 액정, 배터리 신품 교체",650000,0,OUTOFSTOCK
11125557595,11178179432,LG 모니터 정품 아답타 19V 0.84A 신품 벌크 어댑터 ADS-18SG-19-3,12000,999,SALE
11125436400,11178057856,LG 모니터 정품 아답타 19V 1.3A 전원일체형 신품 벌크 어댑터 ADS-40FSG-19,12000,914,SALE
11107072142,11159637246,SAS/SATA/SSD 2.5 to 3.5 HP 워크스테이션 가이드 브라켓 Z820 Z840 Z620 Z640 668261-001,15000,10,SALE
11106909484,11159473684,HP Z640 제온 E5-2637 V3 4코어 SSD HDD Win10 중고 워크스테이션,250000,2,SUSPENSION
11106827356,11159391302,"HP 워크스테이션 Z640 베어본 E5 V3 V4 DDR3 지원 CPU, RAM, HDD 없음",180000,0,OUTOFSTOCK
11106704247,11159267728,삼성 22인치 LED FHD S22F354F LS22F350 사무용 가정용 모니터,45000,48,SALE
11101508172,11154058531,XP컴퓨터 윈도우XP 한글 LG PC 본체 시리얼 2세대 i3-2100 4G SSD120G XP SP3,130000,200,SALE
11101503723,11154054065,XP컴퓨터 윈도우XP 한글 LG PC 본체 시리얼 2세대 i3-2100 4G HDD500G XP SP3,99000,198,SALE
11100855429,11153403625,DELL 정품 아답타 19.5V 4.62A 90W 노트북 어댑터 충전기 LA90PM130,30000,10,SALE
11093914349,11146440686,DELL 정품 아답타 19.5V 6.67A 130W 노트북 어댑터 충전기 HA130PM130,40000,7,SALE
11093828119,11146353837,레노버 정품 전원아답터 20V 3.25A 65W 외경 5.5mm 내경 2.5mm 노트북 어댑터,15000,10,SALE
11093796415,11146321935,레노버 정품 전원아답터 20V 6.75A 사각팁 노트북 어댑터,40000,9,SALE
11083032560,11135526888,삼성 노트북 어댑터 AD-4519AKR 정품 아답타 19V 3.42A,25000,0,OUTOFSTOCK
11082990487,11135484475,삼성 노트북 어댑터 AD-4519AKR 정품 아답타 19V 2.37A,20000,1,SUSPENSION
11082840383,11135333515,CCTV 코드 일체형 아답타 어댑터 12V 2A  5.5mm 2.1mm,4500,986,SALE
11082656340,11135148410,포스용 아답타 어댑터 24V 2.5A BPA-06024G 중고 벌크,9000,98,SALE
11082474729,11134965565,삼성 모니터 어댑터 SHA0801 아답타 12V 3.34A 12V 3A 중고 벌크,3500,205,SALE
11082460905,11134951525,삼성 모니터 어댑터 SHA0801 아답타 12V 3.34A 12V 3A 벌크 전원케이블 포함,4800,263,SALE
11082142851,11134632384,LG 모니터 어댑터 LCAP43-E 아답타 19V 0.84A 전원일체형 벌크,8900,300,SALE
11082080620,11134569876,삼성 모니터 어댑터 A4514 아답타 14V 3.2A 45W 벌크 전원케이블 포함,7900,300,SALE
11082041477,11134530551,삼성 모니터 어댑터 A2514 아답타 14V 1.7A 25W 일체형 벌크,4900,295,SALE
11081995879,11134484726,삼성 모니터 어댑터 A2514 아답타 14V 1.7A 25W 분리형 벌크 전원케이블 포함,5400,255,SALE
11074321906,11126782382,삼성 서버용 메모리 ECC/REG RAM DDR4 PC4 16G 2133P 17000,35000,12,SUSPENSION
11074309700,11126770115,삼성 서버용 메모리 ECC/REG RAM DDR4 PC4 16G 2666V 21300,35000,9,SALE
11074215957,11126675840,삼성 서버용 메모리 ECC/REG RAM DDR4 PC4 32G 2400T 19200,59000,14,SALE
11073098892,11125554238,LG 모니터 스탠드 신품 모니터 다리 거치대 블랙 24MN430HW 24MK430H 24MK400H 22MK430H 22MK400H 24MP400,14000,50,SALE
11034157345,11086474442,LG 울트라와이드 고해상도 게이밍 커브드 모니터 34WP65C,250000,6,PROHIBITION
11034069377,11086386075,LG 울트라와이드 고해상도 커브드 모니터 35WN65C,300000,0,OUTOFSTOCK
11014961841,11067208031,삼성전자 LS24F354 FHD IPS 슬림 광시야각 24인치 모니터,65000,50,SUSPENSION
11005676357,11057887851,LG 삼성 기타 중소브랜드 모니터 다리 모니터 받침대 모니터 암 베사 10x10,10000,4,SALE
10986509962,11038645444,앱코 파워 서플라이 XTREAM XT-850G 80PLUS GOLD Full Modular ABKO-850G-MMXX-A 850W,65000,0,OUTOFSTOCK
10976474395,11028573937,병원용 사무용 기업용  델 DELL 24인치 모니터 피벗 CCTV용 가정용,80000,2,SALE
10962026601,11014077695,게이밍컴퓨터 조립PC 고사양 게임용 데스크탑 3개월 렌탈 회수 게이밍PC,950000,1,SUSPENSION
10961891898,11013942262,삼성 사이니지 DID 패널 46인치 LTI460HN11 디지털게시판 메뉴판 광고용모니터,300000,6,SUSPENSION
10857652815,10909370220,삼성전자 24 LED모니터 LS24D300 사무용/가정용 모니터,55000,11,SALE
10805121954,10856649240,두현일렉 12V 3A 국산 제조 아답타 코드+코드 어댑터 DH1230,6000,0,OUTOFSTOCK
10805116286,10856643525,12V 3.5A 아답타 어댑터 TEKA060,5000,86,SALE
10688662016,10739796144,삼성전자 LS24F350 슬림 광시야각 24인치 모니터,60000,6,SALE
10688574642,10739708406,DELL E2420H FHD IPS 광시야각 16:9 24인치 모니터,60000,2,SUSPENSION
10648616581,10699642433,삼성 블루투스 무선마우스 AA-MD1N9DW 벌크 사무용 노트북 가정용 마우스,18000,0,OUTOFSTOCK
10542023585,10592798045,HP ProDisplay P27V G4 27인치 모니터 FHD IPS패널,95000,0,SUSPENSION
10541937638,10592711577,LG전자 IPS 22인치 게임용 사무용 학습용 모니터 22MK600MW,80000,0,OUTOFSTOCK
10527746034,10578490999,레노버 정품 전원아답터 20V 3.25A 65W 사각팁 노트북어댑터,15000,97,SALE
10527467934,10578211453,사무용 lg모니터27인치 led 27MP400W fhd 듀얼 틸트 게임용 가정용 게이밍,90000,2,SUSPENSION
10527284311,10578026763,LG 클라우드 PC 미니 PC 거치대 받침대 철제 브라켓,10000,25,SALE
10527182122,10577924117,LG 43인치~49인치 TV 거치대 MAM642843,20000,98,SALE
10474022321,10524616880,포스용 아답타 어댑터 24V 2.5A BPA-06024G 중고 벌크 전원케이블 포함,11000,99,SALE
10473506525,10524098396,삼성전자 노트북 플러스2 NT551XDA 11세대 i5,478000,1,SALE
10442586700,10493092636,DELL 19.5V 9.23A 180W 노트북용 정품 어댑터 케이블 충전기 HA180PM180,35000,4,SALE
10442434259,10492939703,POLYCOM Polycom 폴리컴 사무실 회의용 컨퍼런스 폰 파워모듈 사운드스테이션2 중고 파워모듈,50000,1,SALE
10420242592,10470685485,카멜마운트 싱글모니터암 거치대 AMA-2 화이트 모니터 브라켓,20000,1,SUSPENSION
10410829272,10461240328,애플 아이맥 2019 5K 27인치 IMac SSD 500GB DDR4 24GB A2115,790000,0,OUTOFSTOCK
10393839029,10444183673,삼성 노트북 NT551XCJ i5 10세대 16G SSD 256G Win11,439000,2,SUSPENSION
10393612769,10443955622,삼성전자 소딤 DDR4 21300 2666V RAM 16GB 노트북용 메모리,40000,8,SALE
10393372863,10443714053,삼성전자 소딤 DDR4 19200 2400T RAM 8GB 노트북용 메모리,20000,7,SALE
10393315249,10443656123,SK하이닉스 소딤 DDR4 19200 2400T RAM 8GB 노트북용 메모리,19000,2,SALE
10393295565,10443636328,SK하이닉스 소딤 DDR4 21300 2666V RAM 8GB 노트북용 메모리,19500,0,OUTOFSTOCK
10393230442,10443570868,삼성전자 소딤 DDR4 21300 2666V RAM 8GB 노트북용 메모리,20000,6,SALE
10393225043,10443565436,삼성전자 소딤 DDR4 17000 2133P RAM 8GB 노트북용 메모리,20000,3,SALE
10350915744,10401089428,HP E223 22인치 FHD 모니터 사무용 가정용 업무용 피벗 틸트 엘리베이션 스위블,80000,3,SALE
10350889317,10401062776,삼성전자 T24D390KD 24인치 LED 모니터 FHD 모니터 광시야각,65000,0,OUTOFSTOCK
10350784067,10400956700,레노버 T2224p 사무용  22인치 IPS 모니터 피벗 틸트 스위블 엘리베이션 가정용,45000,4,SALE
10350674667,10400846615,LG전자 34WP65C 울트라와이드 34인치 게이밍 게임용 모니터 160Hz 커브드,280000,4,SALE
10350532291,10400703196,삼성 게이밍 24인치 모니터 게임용 F24T354FHK IPS 75Hz 광시야각 HDMI,79000,36,SALE
10350448101,10400618335,삼성 LS22A330NHK 22인치 LED 모니터 틸트 사무용 업무용 CCTV용 HDMI,45000,4,SALE
10350380155,10400549943,삼성전자 S22E450F 22인치 LED 모니터 피벗 사무용 업무용 CCTV용 HDMI,45000,34,SALE
10298929962,10348842317,LG 27인치 27ML600 모니터 다리 모니터 받침대 모니터 암,25000,41,SALE
10298437550,10348347390,NVIDIA 엔비디아 쿼드로 그래픽카드 VGA  P2000 D5 5GB,150000,0,OUTOFSTOCK
10289640175,10339512970,데스크탑 HP ProDesk 400 G4 MT 사무용 컴퓨터 가정용 본체 i3-7세대,165000,199,SALE
10253289375,10302970465,공기살균기 공기청정기 바이러스 클린 플라스큐에어 BPT-VA1000,3300000,100,SALE
10253149706,10302829519,HP ProDesk 400 G4 MT 데스크탑 사무용 컴퓨터 가정용 본체 i3-7세대,170000,200,SALE
10252544351,10302217334,삼성전자 12V 3.34A  외경 6.5mm 내경 4.4mm SHA0801,3500,811,SALE
10246255298,10295893452,레노버 정품 전원아답터 20V 4.5A  외경 7.9mm 내경 5.5mm 노트북 어댑터,25000,9,SALE
10246251955,10295890076,레노버 정품 아답터 20V 2.25A 45W 사각팁 노트북 어댑터,12000,98,SALE
10246241576,10295879586,HP 정품 전원아답터 19.5V 3.33A 65W 외경 7.4 내경 5.0 노트북어댑터,15000,96,SALE
10220013947,10269510797,삼성전자 22인치 LS22E45K 피벗 LED 모니터 HDMI 지원,45000,10,SALE
10216252525,10265725038,AONE CARE Micro 500HP KC 230W 파워서플라이 M-ATX(SFX)파워,8000,57,SUSPENSION
10216170682,10265642477,기가바이트 GIGABYTE H510M H 메인보드,65000,0,OUTOFSTOCK
10200291856,10249687221,벨킨 USB-C to Gigabit Ethernet Adapter 기가빗 이더넷 어댑터 F2CU040,10000,72,SALE
10200273913,10249669066,APPLE 애플 USB-C Digital AV Multiport 어댑터 A1621 중고제품,10000,183,SALE
10200268340,10249663424,APPLE 애플 USB-C Digital AV Multiport 어댑터 A1621,35000,1,SUSPENSION
10200110748,10249504056,LG전자 울트라 와이드 HDR 21:9 모니터 29WN600,180000,1,SUSPENSION
10199634619,10249024411,LG DH18NS61 18배속 DVD-ROM 벌크 블랙 SATA 방식 읽기전용,10000,78,SALE
10192276054,10241631622,삼성 DDR4 25600 RAM 32GB 데스크탑 3200Mhz PC메모리,88000,29,SUSPENSION
10192271858,10241627404,삼성 DDR4 25600 RAM 16GB 데스크탑 3200Mhz PC메모리,44000,57,SUSPENSION
10192265617,10241621131,삼성 DDR4 25600 RAM 8GB 데스크탑 3200Mhz PC메모리,18000,5,SUSPENSION
10161188720,10210390108,삼성 데스크탑 사무용 컴퓨터 가정용 본체 i3-6세대 신형PC 외장그래픽 DB400T7B,255000,200,SALE
10161173043,10210374466,삼성 데스크탑 사무용 컴퓨터 가정용 본체 i3-6세대 신형PC 외장그래픽 DB400T7B,245000,200,SALE
10161166423,10210367814,삼성 데스크탑 사무용 컴퓨터 가정용 본체 i3-6세대 신형PC 외장그래픽 DB400T7B,215000,200,SALE
10161159837,10210361198,삼성 데스크탑 사무용 컴퓨터 가정용 본체 i3-6세대 신형 PC DB400T7B,185000,200,SALE
10161154601,10210355935,삼성 데스크탑 사무용 컴퓨터 가정용 본체 i3-6세대 신형 PC DB400T7B,185000,200,SALE
10161148139,10210349452,삼성 데스크탑 사무용 컴퓨터 가정용 본체 i3-6세대 신형PC 외장그래픽 DB400T7B,195000,200,SALE
10161142018,10210343304,삼성 데스크탑 사무용 컴퓨터 가정용 본체 i3-6세대 신형 PC DB400T7B,165000,200,SALE
10161131259,10210332510,삼성 데스크탑 사무용 컴퓨터 가정용 본체 i3-6세대 신형PC 외장그래픽 DB400T7B,180000,200,SALE
10161120458,10210321661,삼성 데스크탑 사무용 컴퓨터 가정용 본체 i3-6세대 신형 PC DB400T7B,150000,198,SALE
10161114037,10210315212,삼성 데스크탑 사무용 컴퓨터 가정용 본체 i3-6세대 신형 PC DB400T7B,155000,200,SALE
10161099714,10210300829,삼성 데스크탑 사무용 컴퓨터 가정용 본체 i3-6세대 신형 PC DB400T7B,140000,200,SALE
10150806680,10199954351,삼성 데스크탑 사무용컴퓨터 업무용PC 가정용본체 i5-6400 16G 512+500G 외장,375000,200,SALE
10150793649,10199941266,삼성 데스크탑 사무용컴퓨터 업무용PC 가정용본체 i5-6400 16G SSD512G 외장,365000,199,SALE
10150786570,10199934155,삼성 데스크탑 사무용컴퓨터 업무용PC 가정용본체 i5-6400 16GB 240+500GB,305000,200,SALE
10150769573,10199917043,삼성 데스크탑 사무용컴퓨터 업무용PC 가정용본체 i5-6400 8G 512+500G 외장,335000,200,SALE
10150763187,10199910640,삼성 데스크탑 사무용컴퓨터 업무용PC 가정용본체 i5-6400 8GB 512+500GB,305000,200,SALE
10150756719,10199904133,삼성 데스크탑 사무용컴퓨터 업무용PC 가정용본체 i5-6400 8G 240+500G 외장,315000,200,SALE
10150748742,10199896118,삼성 데스크탑 사무용컴퓨터 업무용PC 가정용본체 i5-6400 8GB 240+500GB,285000,200,SALE
10150741416,10199888758,삼성 데스크탑 사무용컴퓨터 업무용PC 가정용본체 i5-6400 8G 120+500G 외장,300000,200,SALE
10150722947,10199870224,삼성 데스크탑 사무용컴퓨터 업무용PC 가정용본체 i5-6400 8GB 120+500GB,270000,200,SALE
10150707509,10199854728,삼성 데스크탑 사무용컴퓨터 업무용PC 가정용본체 i5-6400 8GB SSD240GB,275000,200,SALE
10150637014,10199783909,삼성 데스크탑 사무용컴퓨터 업무용PC 가정용본체 i5-6400 8GB SSD120GB,260000,200,SALE
10150616015,10199762741,삼성 데스크탑 사무용컴퓨터 업무용PC 가정용본체 i5-6400 4GB SSD120GB,250000,200,SALE
10148823860,10197957078,컴퓨터슬림파워 TFX파워 A350S 350W파워 기업용파워  삼성 LG 슬림본체 조립용,18000,40,SALE
10142296630,10191397269,ASUS Pro Q570M-C LGA1200 10/11세대 상업용 마더보드 메인보드,120000,25,SUSPENSION
10142256183,10191356619,ASRock H110 PRO BTC+ 6세대 7세대 메인보드 마더보드 암호화폐 1151소켓,40000,96,SALE
10134462703,10183519212,삼성 모니터 어댑터 A3514 아답타 14V 2.5A 35W 벌크 전원케이블 포함,6900,276,SALE
10125258541,10174268032,윈도우 XP컴퓨터 산업용 데스크탑 XP본체 PCI 시리얼 패러럴 내장그래픽 COM포트,228000,200,SALE
10125221941,10174231064,윈도우 XP컴퓨터 산업용 데스크탑 XP본체 PCI 시리얼 패러럴 HDMI포트,235000,200,SALE
10125178588,10174187356,윈도우 XP컴퓨터 산업용 데스크탑 XP본체 PCI 시리얼 패러럴 내장그래픽,247000,200,SALE
10125057330,10174065247,윈도우 XP컴퓨터 산업용 데스크탑 XP본체 PCI 시리얼 패러럴 HDMI포트,269000,198,SALE
10114779248,10163732694,고객님 예약상품 (김대중님) 본체 모니터 외,4485000,0,PROHIBITION
10085089625,10133892155,사무용 컴퓨터 본체,2623500,0,OUTOFSTOCK
10080956220,10129733523,고객님 예약상품 (김대중님) 27인치 모니터,1543000,0,OUTOFSTOCK
10073411556,10122151091,사무용 비트엠모니터24인치 H24F 보더리스 HDR 듀얼 틸트 게임용 가정용 게이밍,74000,4,SALE
10068778451,10117492156,사무용 비트엠모니터24인치 H2410F 보더리스 HDR 듀얼 틸트 게임용 가정용 게이밍,80000,0,OUTOFSTOCK
10039378452,10087941397,ECS H110T-SI01 메인보드 1151소켓,60000,2,SALE
10039357573,10087920351,병원용 사무용 기업용  델 DELL 19인치 모니터 피벗 CCTV용 가정용,40000,3,SALE
10038678975,10087234716,사무용 lg모니터24인치 led 24EA57VQ fhd 사무용 가정용 CCTV용,80000,10,SALE
10038486724,10087040486,한화테크윈 22인치 모니터 CCTV 모니터 SMT-2210 반품제품,190000,3,SUSPENSION
10024259208,10072715190,와콤 교육용 타블렛 블랙 소형 드로잉 태블릿,50000,25,SALE
9995307652,10043582147,삼성키보드 사무용키보드 키스킨 유선USB키보드 AC-WK701,12000,1,SUSPENSION
9992591821,10040843989,파워 파워서플라이 컴퓨터파워 앱코 SUITMASTER RANGER 700W Active PFC 벌크,30000,0,OUTOFSTOCK
9988635003,10036863713,LG 22인치 24인치 모니터 다리 모니터 받침대 벌크 화이트,9000,197,SALE
9988601525,10036829950,컴퓨터 신품 파워 케이블 전원케이블 PC 케이블 1.2m,1250,150,SUSPENSION
9985216470,10033427899,애플 매직키보드 A1644 무선키보드 키보드,29000,0,OUTOFSTOCK
9981160185,10029341202,파워 파워서플라이 컴퓨터파워 앱코 SUITMASTER SETTLER 700W 블랙 벌크,30000,3,SUSPENSION
9959723324,10007760526,건전지 배터리 건전지 잔량 측정 테스터기 BT-168,2000,1000,SALE
9959671591,10007708493,HP 정품 노트북 충전기 어댑터 19.5V 3.33A 블루팁 4.5mm 3.0mm,15000,132,SALE
9951523172,9999503860,ASUS P10S-X 메인보드 1151소켓,50000,2,SALE
9951369790,9999349327,ASUS P10S-V/4L 메인보드 1151소켓,50000,2,SALE
9951300598,9999279589,ASUS P9D-C/4L 메인보드 1150소켓,50000,0,OUTOFSTOCK
9932123050,9979962063,듀얼모니터 연결케이블 DVI D 듀얼링크 연장 케이블 1.8M NMC DD18,2000,35,SALE
9930789386,9978618587,유선 미니키보드 블랙 USB 타입,5000,4,SALE
9930628772,9978457019,TG삼보 유선 미니키보드  TGC-K7000M 블랙 USB,5500,4,SALE
9921877546,9969653073,ABKO 시스템 쿨러  RGB 스마트 쿨링팬 블랙 벌크,3000,55,SALE
9918680638,9966435129,삼성 850EVO 2.5 SATA III 중고SSD 120GB,11000,1,SUSPENSION
9918664303,9966418663,삼성 860 EVO 2.5 SATA 중고SSD 250GB,20000,7,SUSPENSION
9870430090,9917821804,LG그램 사무용 휴대용 디자인용 RTX3050 16인치 노트북 16Z90R-EP76ML,1790000,0,OUTOFSTOCK
9870384695,9917775912,삼성 인텔 CPU용 무선케이블 장착 메인보드 H110S2 삼성본체 DM500S6A 전용,50000,19,SALE
9852309864,9899545143,컴퓨터슬림파워 TFX파워 A350S 350W파워 기업용파워  삼성 LG 슬림본체 조립용,18000,40,SUSPENSION
9790473577,9837316532,삼성노트북용메모리 8GB DDR4 2666V 노트북램,24000,7,SUSPENSION
9790465899,9837308827,삼성노트북용메모리 8GB DDR4 3200AA 노트북램,24000,0,OUTOFSTOCK
9790401834,9837244422,컴퓨터파워선 모니터케이블 파워코드 전원코드 검정 30cm,1000,5598,SALE
9790326025,9837168236,사무용 lg모니터22인치 led 22MP58VQ fhd 듀얼 틸트 게임용 가정용 게이밍,55000,1,SUSPENSION
9790312458,9837154600,사무용 lg모니터22인치 led 22MK430H fhd 듀얼 틸트 게임용 가정용 게이밍,45000,2,SALE
9741435464,9788082913,NT551EBE i5-8세대 Ram 16G SSD 256G 윈10 중고 노트북,325000,1,SUSPENSION
9636552411,9682681488,LG 55LV77A 55LV75A 사이니지 DID패널55인치 광고용모니터 디지털 메뉴판,450000,20,SALE
9636146871,9682273173,사무용 삼성 모니터 LED LF24T354F LF24T350 LF24T352 FHD 듀얼 틸트 게임용 가정용 게이밍,75000,160,SALE
9631727734,9677828893,사무용 삼성모니터22인치 LED LS22A330 FHD 듀얼 틸트 CCTV용 가정용,120000,0,OUTOFSTOCK
9629026790,9675113788,컴퓨터파워선 모니터케이블 파워코드 전원코드 흰색 1.5m,1800,198,SUSPENSION
9625081447,9671144965,파워 파워서플라이 컴퓨터파워 앱코 SUITMASTER SETTLER 600W 블랙 풀박스,30000,3,SUSPENSION
9586949903,9632769450,파워 파워서플라이 컴퓨터파워 앱코 SUITMASTER SETTLER 700W 화이트 벌크,35000,0,OUTOFSTOCK
9586932825,9632752270,파워 파워서플라이 컴퓨터파워 앱코 SUITMASTER SETTLER 600W 블랙 벌크,30000,9,SUSPENSION
9578842796,9624604857,사무용 lg모니터24인치 led 24MQ400 fhd 듀얼 틸트 게임용 가정용 게이밍,136000,15,SUSPENSION
9576832113,9622579614,사무용 DELL모니터24인치 LED FHD P2417H 듀얼 틸트 게임용 가정용 게이밍,55000,0,OUTOFSTOCK
9547032574,9592494607,"사무용데스크탑 삼성리퍼 가정용중고본체 업무용컴퓨터 i5-6400 4G 120,1TB GT730",230000,200,SALE
9547026048,9592488044,"사무용데스크탑 삼성리퍼 가정용중고본체 업무용컴퓨터i5-6400 4G 120,500G GT730",220000,200,SALE
9547019570,9592481525,사무용데스크탑 삼성리퍼 가정용중고본체 업무용컴퓨터 i5-6400 4G 120 1TB,200000,200,SALE
9547011669,9592473587,"사무용데스크탑 삼성리퍼 가정용중고본체 업무용컴퓨터 i5-6400 4G 120, 500G",190000,200,SALE
9547002898,9592464764,사무용데스크탑 삼성리퍼 가정용중고본체 업무용컴퓨터 i5-6400 4G SSD120G GT730,210000,200,SALE
9546989835,9592451643,사무용데스크탑 삼성리퍼 가정용중고본체 업무용컴퓨터 i5-6400 4GB SSD120GB,180000,200,SALE
9543878355,9589310439,사무용 lg모니터27인치 led 27MP500 fhd 듀얼 틸트 게임용 가정용 게이밍,95000,1,SALE
9543812657,9589243872,LG 모니터27인치 LED 27MP400W fhd 듀얼 틸트 사무용 게임용 가정용 게이밍,90000,0,OUTOFSTOCK
9532071266,9577435482,화이트 1M 크로바케이블 노트북케이블 모니터케이블,1500,462,SALE
9532042301,9577406343,로더스 19V 3.42A 아답타 미니PC 노트북 모니터 어댑터 외경 5.5mm 내경 2.5mm,7000,176,SALE
9531940658,9577304093,DVItoHDMI 케이블 3.0M 듀얼모니터연결케이블 컴퓨터PC케이블젠더,2300,65,SALE
9514229780,9559481986,렉스마크 Lexmark 54G0P00 MS911 MX910 드럼 유닛,149000,1,SALE
9496147527,9541243006,Apple 애플 정품 매직 마우스 A1657,30000,0,OUTOFSTOCK
9496111198,9541206361,Apple 애플 정품 매직 키보드 with NUMERIC KEYPAD,30000,0,OUTOFSTOCK
9495809182,9540901919,레노버 미니PC M710q 일체형 컴퓨터 사무용 가정용 인강용,210000,2,UNADMISSION
9487299026,9532332027,델 P38E001 17인치 가성비 포토샵 디자인 영상편집 사무용 고사양 대학생게이밍노트북,1500000,0,SUSPENSION
9451458358,9496163423,삼성 노트북 어댑터 19V 4.74A 90W A10-090P1A 정품 아답타,17500,30,SALE
9447441486,9492129042,사무용 삼성모니터27인치 VA 커브드 FHD C27F391FH 듀얼 틸트 게임용 가정용,150000,7,SUSPENSION
9427828207,9472386421,사무용 DELL모니터23인치 LED FHD P2317H 듀얼 틸트 게임용 가정용 게이밍,45000,0,OUTOFSTOCK
9407080368,9451461998,SD메모리 USB 3.0 컴퓨터 내장형 멀티카드리더기 SFD-321F/T1U3LG,3000,49,SALE
9406999604,9451380698,모니터 연결케이블 DVI D 싱글링크 연장 케이블 1.8M NMC DS18,1500,49,SALE
9406985511,9451366524,듀얼모니터 연결케이블 DVI D 듀얼링크 연장 케이블 3M NMC DD30,2000,0,OUTOFSTOCK
9393266042,9437573022,ASUS 노트북 정품 어댑터 아답터 벌크 충전기 ADP-65GD D / 19V 3.42A,14000,14,SUSPENSION
9393255082,9437561996,ASUS 20V 12A 240W 노트북 정품어댑터 아답터 벌크 충전기 ADP-240EB B,68000,18,SUSPENSION
9393226858,9437533619,ASUS 19.5V 11.8A 노트북 정품 어댑터 아답터 벌크 충전기 ADP-230GB B,66000,13,SALE
9393197689,9437504336,ASUS 노트북 정품어댑터 아답터 벌크 충전기 ADP-45ZE B / 19V 2.37A,12000,18,SUSPENSION
9370437774,9414625307,ASUS 노트북 정품어댑터 아답터 벌크 충전기 PA-1121-28 / 19V 6.32A,25000,0,OUTOFSTOCK
9370287890,9414474362,컴퓨터파워 FSP ATX500-50HYN 500W파워 파워서플라이,7000,0,OUTOFSTOCK
9332947582,9376950036,사무용 LG모니터27인치 LED FHD 27랜덤모니터 듀얼 틸트 게임용 가정용 게이밍,95000,24,SALE
9332934403,9376936800,사무용 LG모니터24인치 LED FHD 24랜덤모니터 듀얼 틸트 게임용 가정용 게이밍,70000,0,OUTOFSTOCK
9326567145,9370536011,사무용 LG모니터29인치 LED WFHD 29WK600 듀얼 틸트 게임용 가정용 게이밍,180000,0,OUTOFSTOCK
9326386123,9370354088,사무용 LG모니터24인치 LED FHD 24MP58VQ 듀얼 틸트 게임용 가정용 게이밍,55000,2,SALE
9326177972,9370144734,사무용 삼성모니터20인치 LED S20C300BL 듀얼 게임용 가정용 게이밍,39000,0,OUTOFSTOCK
9326001724,9369967495,사무용 HP모니터22인치 LCD FHD HP E22 G4 듀얼 틸트 게임용 가정용 게이밍,70000,0,OUTOFSTOCK
9325809803,9369774329,사무용 DELL모니터24인치 LCD QHD P2418D 듀얼 틸트 게임용 가정용 게이밍,100000,0,OUTOFSTOCK
9325704900,9369668765,삼성 사이니지 DID 패널 46인치 LTI460HN14 광고용모니터 디지털게시판 메뉴판,300000,0,SUSPENSION
9306532891,9350401421,사무용 lg모니터27인치 led 27MP58VQ fhd 듀얼 틸트 게임용 가정용 게이밍,95000,0,OUTOFSTOCK
9298943666,9342772952,중고그래픽카드 GIGABYTE 지포스 GT630 D3 2GB 외장그래픽 산업용그래픽,25000,7,SUSPENSION
9298821647,9342650456,중고그래픽카드 ASUS 지포스 GT710 SL D5 1GB 외장그래픽 산업용그래픽,35000,3,SUSPENSION
9298801814,9342630516,LP중고그래픽카드 MANLI 지포스 GT730 D3 1GB 외장그래픽 산업용그래픽,28000,13,SUSPENSION
9298772982,9342601562,LP중고그래픽카드 갤럭시 GALAX 지포스 GT730 D3 2GB 외장그래픽 산업용그래픽,30000,52,SUSPENSION
9298716230,9342544564,LP중고그래픽카드 ZOTAC GT1030 D5 2GB 외장그래픽 산업용그래픽,40000,0,OUTOFSTOCK
9238463936,9282017949,병원용 사무용 기업용  델 DELL 19인치 모니터 피벗 CCTV용 가정용,78000,100,SALE
9238459407,9282013359,델 DELL 19인치 사무용 병원용 업무용 가정용 인강용 모니터 피벗 틸트 스위블,65000,100,SALE
9238301920,9281854950,삼성 벌크 유선이어폰 마이크 노트북전용 인강용 휴대용 사무용 학원용 영상편집용 초등학생용,4900,492,SUSPENSION
9202625908,9245988718,GIGABYTE 기가바이트 인텔 CPU용 메인보드 B460M DS3H V2 백패널 포함,90000,0,OUTOFSTOCK
9164308888,9207497320,레노버미니PC 가정용데스크탑 일체형 인텔미니PC 사무용컴퓨터,210000,0,OUTOFSTOCK
9146718732,9189831539,LG그램 사무용 인강용 휴대용 노트북 15ZD980-GX5YL,500000,0,OUTOFSTOCK
9107181072,9150131519,LG 정품 19V3.42A 15UB470 4.0 턱 어댑터 노트북 충전기,15000,93,SUSPENSION
9106476299,9149423613,KFT압착기 랜테스터 CF-168,15000,50,SALE
8892612289,8934736718,그래픽카드 지포스 G210 512MB HDMI 중고 VGA 일반형 GC-G210-512P,5000,77,SUSPENSION
8892602810,8934727141,그래픽카드 지포스 G310 512MB HDMI 중고 VGA 일반형 GC-310-512C,8000,94,SUSPENSION
8710872846,8752161938,DELL 5810 중고 워크스테이션 베어본,180000,3,SUSPENSION
8710868974,8752158021,DELL T5610 중고 워크스테이션 베어본,130000,1,SUSPENSION
8709979737,8751264272,HP Mini PC 옵션 Vesa Sleeve 마운팅 브라켓 13L67AA,15000,6,SALE
8709955460,8751239873,HP 미니PC 6세대 400G2 400G3 랜덤 미니 데스크탑 가정용 사무용 인강용,194000,10,SALE
8709948673,8751233047,HP 미니PC 6세대 400G2 400G3 랜덤 미니 데스크탑 가정용 사무용 인강용,174000,10,SALE
8709894865,8751178933,HP 미니PC 6세대 400G2 400G3 랜덤 미니 데스크탑 가정용 사무용 인강용,154000,9,UNADMISSION
8698485748,8739716130,중고 노트북용 HDD 500G SATA2 2.5인치 일반형 슬림형 제조사 랜덤발송,8000,56,SUSPENSION
8694224387,8735435534,HP 55cm 22인치 FHD 엘리트 모니터 E22 G4,120000,2,SALE
8693159811,8734365490,HP 22인치 FHD 모니터 E222,45000,3,SALE
8673025861,8714143942,삼성 데스크탑 사무용 컴퓨터 가정용 본체 6세대 신형 PC HDMI MT DB400T7B,320000,50,SALE
8673016122,8714134141,삼성 데스크탑 사무용 컴퓨터 가정용 본체 6세대 신형 PC HDMI MT DB400T7B,235000,50,SALE
8673005901,8714123852,삼성 데스크탑 사무용 컴퓨터 가정용 본체 6세대 신형 PC MT DB400T7B,205000,50,SALE
8672996538,8714114436,삼성 데스크탑 사무용 컴퓨터 가정용 본체 6세대 신형 PC MT DB400T7B,200000,44,SALE
8672986304,8714104135,삼성 데스크탑 사무용 컴퓨터 가정용 본체 6세대 신형 PC HDMI MT DB400T7B,225000,50,SALE
8672977043,8714094818,삼성 데스크탑 사무용 컴퓨터 가정용 본체 6세대 신형 PC MT DB400T7B,195000,50,SALE
8672966259,8714083968,삼성 데스크탑 사무용 컴퓨터 가정용 본체 6세대 신형 PC MT DB400T7B,190000,50,SALE
8672946952,8714064588,삼성 데스크탑 사무용 컴퓨터 가정용 본체 6세대 신형 PC HDMI MT DB400T7B,195000,50,SALE
8672936526,8714054097,삼성 데스크탑 사무용 컴퓨터 가정용 본체 6세대 신형 PC MT DB400T7B,165000,50,SALE
8672927457,8714044961,삼성 데스크탑 사무용 컴퓨터 가정용 본체 6세대 신형 PC MT DB400T7B,160000,50,SALE
8672915069,8714032503,삼성 데스크탑 사무용 컴퓨터 가정용 본체 6세대 신형 PC HDMI MT DB400T7B,180000,50,SALE
8672900993,8714018329,삼성 데스크탑 사무용 컴퓨터 가정용 본체 6세대 신형 PC MT DB400T7B,150000,50,SALE
8672886657,8714003901,삼성 데스크탑 사무용 컴퓨터 가정용 본체 6세대 신형 PC MT DB400T7B,140000,49,SALE
8628893266,8669805388,LG전자 FHD LED 모니터 24EN430H 24MK430H 광시야각 사무용 모니터,55000,1,SALE
8628555503,8669466427,LG전자 FHD LED 모니터 24MP400 24MP410 IPS패널 슬림베젤 사무용 모니터,60000,30,SALE
8628509197,8669419878,HP 22인치 FHD 모니터 E223,60000,7,SUSPENSION
8628443845,8669354259,LG전자 FHD LED 모니터 22M47VQ 22인치 와이드 모니터 사무용 CCTV용,45000,7,SUSPENSION
8628406244,8669316462,LG전자 FHD LED 모니터 22M47D 22인치 모니터 사무용 CCTV용,45000,3,SALE
8586794622,8627521821,SSD SATA 64GB 2.5인치 중고 SSD 산업용 SSD,8000,269,SALE
8543795714,8584730919,삼성 칩 노트북 램4기가 DD3L 4GB 1600 12800 1600MHz 저전력 메모리 소딤,5000,20,SALE
8488321651,8528997270,유아헬멧 어린이 주니어 초등학생 인라인 킥보드 자전거 파랑 블루 헬멧,18000,100,SALE
8487817974,8528491508,유아헬멧 어린이 주니어 초등학생 인라인 킥보드 자전거 분홍 핑크 헬멧,18000,100,SALE
8416089005,8456411310,HP 레이져젯 Color M551N HP 정품 토너 CE400XC 검정 박스 개봉 제품,48000,0,OUTOFSTOCK
8416073518,8456395790,HP 레이져젯 Color M551dn HP 정품 토너 CE402AC 노랑 박스 개봉 제품,40000,0,OUTOFSTOCK
8391586622,8431799580,HP 데스크탑 사무용 컴퓨터 가정용 본체 4세대 800 G1 Twr,298000,50,SUSPENSION
8391572636,8431785459,HP 데스크탑 사무용 컴퓨터 가정용 본체 4세대 800 G1 Twr,248000,49,SUSPENSION
8391546355,8431759068,HP 데스크탑 사무용 컴퓨터 가정용 본체 4세대 800 G1 Twr,208000,50,SUSPENSION
8391536004,8431748653,HP 데스크탑 사무용 컴퓨터 가정용 본체 4세대 800 G1 Twr,186000,50,SUSPENSION
8391524507,8431737066,HP 데스크탑 사무용 컴퓨터 가정용 본체 4세대 800 G1 Twr,163000,50,SUSPENSION
8391481645,8431693914,HP 데스크탑 사무용 컴퓨터 가정용 본체 6세대 600 G2 MT,298000,50,SALE
8391300354,8431511719,HP 데스크탑 사무용 컴퓨터 가정용 본체 6세대 600 G2 MT,247000,50,SALE
8391273878,8431485110,HP 데스크탑 사무용 컴퓨터 가정용 본체 6세대 600 G2 MT,217000,49,SALE
8379116654,8419270765,"C타입 to C타입 케이블 HP USB-C 3.1 Gen1 CM-CM 케이블 1.8m 벌크 핸드폰, 모니터, 노트북 사용가능",5000,40,SALE
8373726734,8413862173,엡손 정품 Print Head LQ590 LQ-590 LQ2090 LQ-2090 프린터 정품 헤드,80000,3,SALE
8373713691,8413849095,엡손 정품 Print Head LQ570 570E 580 680 1070 2080 프린터 정품 헤드,43000,5,SALE
8373537493,8413672374,Zebra 지브라 심볼 모토로라 바코드 스캐너 LS9208,66000,3,SUSPENSION
8373393339,8413527683,LG 정품 스마트TV 리모컨 넷플릭스 디즈니 스마트 티비 리모콘 혼용,9000,100,SALE
8373376964,8413511261,삼성 정품 BN59-01315J 스마트TV 지원 리모컨 리모콘 넷플릭스 유튜브,9000,200,SUSPENSION
8355380579,8395430694,DVD-MULTI ODD 시디롬 DVD-RW 외장형 ODD USB 3.0,15000,5,SUSPENSION
8322370154,8362265242,LG전자 22인치 5선식 압력식 터치 모니터,298000,10,SUSPENSION
8322367342,8362262406,LG전자 22인치 정전식 터치 모니터,298000,1,SUSPENSION
8322132622,8362025634,HP 노트북 어댑터 블루팁 19.5V 4.62A 정품 아답타 4.5mm 3.0mm 중앙1심,19500,8,SUSPENSION
8316413654,8356278203,삼성전자 갤럭시탭 S7 LTE 256GB 미스틱 블랙 SM-T875NZKHKOO,700000,1,SUSPENSION
8243554920,8283071845,LG 정품 TV 엘지리모컨 스마트 티비 리모콘 넷플릭스 디즈니 혼용 AKB76040302,9000,99,SALE
8232258377,8271719214,삼성전자 노트북용 메모리 신품 RAM DDR4 16G 2666V 21300,52000,0,OUTOFSTOCK
8232249047,8271709854,삼성전자 노트북용 메모리 신품 RAM DDR4 16G 3200AA 25600,52000,0,OUTOFSTOCK
8208119935,8247456722,TV 모니터 브라켓 벽걸이 브라켓 웰 브라켓 10인치~27인치 75x75 100x100,3900,730,SALE
8165664220,8204784633,삼성 정품 어댑터 AD-12019G 19V 6.32A 일체형 PC용 아답타 BA44-00312A  5.5mm 3.0mm 중앙1심 전원케이블 포함,38000,50,SALE
8165519831,8204639757,LG 정품 아답타 어댑터 19.5V 7.18A AAS-00 외경 5.5mm 내경 2.1mm 중앙1심,33000,49,SALE
8123358471,8162288738,APPLE 애플 중고 iMac 아이맥 19년형 27형 A1419,1200000,0,OUTOFSTOCK
8123228318,8162157267,씨게이트 하드디스크 A급 중고 3.5인치 SATA  HDD 10TB ST10000VX004,100000,1,SUSPENSION
8123224533,8162153430,하드디스크 A급 중고 3.5인치 SATA  HDD 8TB 제조사 랜덤,80000,2,SUSPENSION
8123221058,8162149913,WD 하드디스크 A급 중고 3.5인치 SATA  HDD 6TB,60000,0,OUTOFSTOCK
8123216423,8162145226,하드디스크 A급 중고 3.5인치 SATA  HDD 4TB 제조사 랜덤,40000,0,OUTOFSTOCK
8123212939,8162141695,하드디스크 A급 중고 3.5인치 SATA  HDD 3TB 제조사 랜덤,30000,0,OUTOFSTOCK
8123207646,8162136337,하드디스크 A급 중고 3.5인치 SATA  HDD 2TB 제조사 랜덤,23000,0,OUTOFSTOCK
7977107600,8015404724,LG전자 LED 22인치 모니터 22MP410,155000,39,PROHIBITION
7973496086,8011773712,HP Z Display Z24i 전문가용 IPS LED 모니터 중고,180000,4,SALE
7938595972,7976743304,LG전자 LED모니터 19인치 중고모니터 E1910P 4:3 A급,40000,72,SUSPENSION
7938276282,7976422338,삼성전자 LCD모니터 피봇모니터 중고모니터 B1740R,33000,40,SALE
7861916302,7899753496,LG 24MN430HW 24MK430H 24MK400H 22MK430H 22MK400H 24MP400 모니터 스탠드 모니터 다리 거치대 블랙,14000,0,OUTOFSTOCK
7861913019,7899750187,LG 24MN430HW 24MK430H 24MK400H 22MK430H 22MK400H 24MP400 모니터 스탠드 모니터 다리 거치대 화이트,14000,49,SUSPENSION
7718557902,7755855619,MSI 미니 PC 사무용 컴퓨터 가정용 본체 5세대 Cubi i5-5200U,208000,49,SUSPENSION
7718553905,7755851612,MSI 미니 PC 사무용 컴퓨터 가정용 본체 5세대 Cubi i5-5200U,196000,45,SUSPENSION
7718541872,7755839539,MSI 미니 PC 사무용 컴퓨터 가정용 본체 5세대 Cubi i5-5200U,183000,0,SUSPENSION
7713808069,7751088846,HP 데스크탑 사무용 컴퓨터 가정용 본체 6세대 HDMI 400 G4 MT,284000,45,SALE
7713800597,7751081334,HP 데스크탑 사무용 컴퓨터 가정용 본체 6세대 400 G4 MT,264000,49,SALE
7713792746,7751073422,HP 데스크탑 사무용 컴퓨터 가정용 본체 6세대 HDMI 400 G4 MT,266000,50,SALE
7713786827,7751067464,HP 데스크탑 사무용 컴퓨터 가정용 본체 6세대 400 G4 MT,246000,47,SALE
7713772500,7751053050,HP 데스크탑 사무용 컴퓨터 가정용 본체 6세대 HDMI 400 G4 MT,242000,49,SALE
7713761989,7751042493,HP 데스크탑 사무용 컴퓨터 가정용 본체 6세대 400 G4 MT,221000,50,SALE
7713753823,7751034294,HP 데스크탑 사무용 컴퓨터 가정용 본체 6세대 HDMI 400 G4 MT,223000,50,SALE
7713739355,7751019762,HP 데스크탑 사무용 컴퓨터 가정용 본체 6세대 400 G4 MT,198000,50,SALE
7712299745,7749574126,LG 데스크탑 사무용 컴퓨터 가정용 본체 6세대 PC 슬림형,368000,288,SALE
7712293640,7749567998,lg데스크탑 가정용데스크탑본체 업무용 사무용컴퓨터본체 i5슬림pc,293000,50,SALE
7712288977,7749563316,가정용데스크탑본체 lg데스크탑 i5슬림pc 업무용 사무용컴퓨터본체,283000,49,SALE
7712283523,7749557850,lg데스크탑 i5슬림pc 업무용 사무용컴퓨터본체 가정용데스크탑본체,273000,49,SALE
7706781960,7744036255,가정용데스크탑본체 lg데스크탑 업무용 사무용컴퓨터본체 i5슬림pc,264000,49,SALE
7706763976,7744018225,업무용 사무용컴퓨터본체 가정용데스크탑본체 lg데스크탑 i3슬림pc,257000,50,SALE
7706755751,7744009969,lg데스크탑 i3슬림pc 업무용 사무용컴퓨터본체 가정용데스크탑본체,246000,50,SALE
7706747291,7744001478,lg데스크탑 업무용 사무용컴퓨터본체 가정용데스크탑본체 i3슬림pc,227000,24,SALE
7706738229,7743992346,lg데스크탑 사무용중고컴퓨터본체 가정용PC 컴퓨터조립 업무용 i3슬림pc,195000,43,SALE
7706578528,7743832034,LG 데스크탑 사무용 컴퓨터 가정용 본체 6세대 PC 미들형,378000,40,SALE
7706569971,7743823414,LG 데스크탑 사무용 컴퓨터 가정용 본체 6세대 PC 미들형,285000,50,SALE
7706539763,7743793044,LG 데스크탑 사무용 컴퓨터 가정용 본체 6세대 PC 미들형,267000,50,SALE
7706501034,7743754144,LG 데스크탑 사무용 컴퓨터 가정용 본체 6세대 PC 미들형,248000,50,SALE
7706468126,7743721077,LG 데스크탑 사무용 컴퓨터 가정용 본체 6세대 PC 미들형,198000,50,SALE
7677162410,7714331736,삼성 데스크탑 사무용 컴퓨터 가정용 본체 6세대 PC HDMI 미들형,310000,47,SALE
7677139276,7714308546,삼성 데스크탑 사무용 컴퓨터 가정용 본체 6세대 PC HDMI 미들형,225000,50,SALE
7677127095,7714296318,삼성 데스크탑 사무용 컴퓨터 가정용 본체 6세대 PC 미들형,195000,50,SALE
7677118639,7714287829,삼성 데스크탑 사무용 컴퓨터 가정용 본체 6세대 PC 미들형,190000,50,SALE
7677103853,7714273004,삼성 데스크탑 사무용 컴퓨터 가정용 본체 6세대 PC HDMI 미들형,215000,49,SALE
7677088052,7714257159,삼성 데스크탑 사무용 컴퓨터 가정용 본체 6세대 PC 미들형,185000,50,SALE
7677063756,7714232746,삼성 데스크탑 사무용 컴퓨터 가정용 본체 6세대 PC 미들형,180000,49,SALE
7677043200,7714212073,삼성 데스크탑 사무용 컴퓨터 가정용 본체 6세대 PC HDMI 미들형,185000,50,SALE
7677038878,7714207700,삼성 데스크탑 사무용 컴퓨터 가정용 본체 6세대 PC 미들형,155000,50,SALE
7677035348,7714204131,삼성데스크탑 사무용컴퓨터본체 가성비PC 가정용데스크탑본체 i3미들pc,150000,49,SALE
7677024831,7714193482,삼성 데스크탑 사무용 컴퓨터 가정용 본체 6세대 PC HDMI 미들형,170000,50,SALE
7677016037,7714184654,삼성 데스크탑 사무용 컴퓨터 가정용 본체 6세대 PC 미들형,140000,50,SALE
7677002173,7714170635,삼성 데스크탑 사무용 컴퓨터 가정용 본체 6세대 PC 미들형,130000,44,SALE
7673259587,7710415051,삼성 데스크탑 사무용 컴퓨터 가정용 본체 4세대 PC HDMI 슬림형,348000,50,SALE
7673229435,7710384766,삼성 데스크탑 사무용 컴퓨터 가정용 본체 4세대 PC HDMI 슬림형,268000,50,SALE
7673209542,7710364785,삼성 데스크탑 사무용 컴퓨터 가정용 본체 4세대 PC 슬림형,223000,49,SALE
7673195290,7710350534,삼성 데스크탑 사무용 컴퓨터 가정용 본체 4세대 PC 슬림형,198000,50,SALE
7673178062,7710333257,삼성 데스크탑 사무용 컴퓨터 가정용 본체 4세대 PC HDMI 슬림형,245000,50,SALE
7673163322,7710318461,삼성 데스크탑 사무용 컴퓨터 가정용 본체 4세대 PC 슬림형,198000,49,SALE
7673147895,7710302968,삼성 데스크탑 사무용 컴퓨터 가정용 본체 4세대 PC 슬림형,175000,48,SALE
7673117542,7710272510,삼성 데스크탑 사무용 컴퓨터 가정용 본체 4세대 PC HDMI 슬림형,237000,50,SALE
7673108555,7710263470,삼성 데스크탑 사무용 컴퓨터 가정용 본체 4세대 PC 슬림형,199000,50,SALE
7673098868,7710253727,삼성 데스크탑 사무용 컴퓨터 가정용 본체 4세대 PC 슬림형,172000,50,SALE
7673082277,7710237047,삼성 데스크탑 사무용 컴퓨터 가정용 본체 4세대 PC HDMI 슬림형,199000,50,SALE
7673071747,7710226453,삼성 데스크탑 사무용 컴퓨터 가정용 본체 4세대 PC 슬림형,176000,50,SALE
7673055872,7710210459,삼성 데스크탑 사무용 컴퓨터 가정용 본체 4세대 PC 슬림형,166000,50,SALE
7672985261,7710139398,삼성 데스크탑 사무용 컴퓨터 가정용 본체 4세대 PC 슬림형,156000,50,SALE
7672137300,7709287048,삼성 데스크탑 사무용 컴퓨터 가정용 본체 4세대 PC HDMI 미들형,338000,20,SALE
7672111674,7709261263,삼성 데스크탑 사무용 컴퓨터 가정용 본체 4세대 PC HDMI 미들형,268000,50,SALE
7672086202,7709235683,삼성 데스크탑 사무용 컴퓨터 가정용 본체 4세대 PC 미들형,224000,50,SALE
7672060610,7709209962,삼성 데스크탑 사무용 컴퓨터 가정용 본체 4세대 PC 미들형,195000,50,SALE
7672038032,7709187241,삼성 데스크탑 사무용 컴퓨터 가정용 본체 4세대 PC HDMI 미들형,245000,50,SALE
7671998688,7709147743,삼성 데스크탑 사무용 컴퓨터 가정용 본체 4세대 PC 미들형,198000,50,SALE
7671971023,7709119987,삼성 데스크탑 사무용 컴퓨터 가정용 본체 4세대 PC 미들형,172000,50,SALE
7671919375,7709068132,삼성 데스크탑 사무용 컴퓨터 가정용 본체 4세대 PC HDMI 미들형,238000,50,SALE
7671764864,7708913055,삼성 데스크탑 사무용 컴퓨터 가정용 본체 4세대 PC 미들형,188000,50,SALE
7671733746,7708881731,삼성 데스크탑 사무용 컴퓨터 가정용 본체 4세대 PC 미들형,169000,50,SALE
7671683246,7708831016,삼성 데스크탑 사무용 컴퓨터 가정용 본체 4세대 PC HDMI 미들형,198000,50,SALE
7671610728,7708758310,삼성 데스크탑 사무용 컴퓨터 가정용 본체 4세대 PC 미들형,174000,50,SALE
7671517624,7708664910,삼성 데스크탑 사무용 컴퓨터 가정용 본체 4세대 PC 미들형,164000,50,SALE
7671439980,7708586928,삼성 데스크탑 사무용 컴퓨터 가정용 본체 4세대 PC 미들형,154000,49,SALE
7605885267,7642828392,게이밍 컴퓨터 배틀그라운드 롤 조립컴퓨터 오버워치 피파 게임용PC 본체 라이젠3,376000,20,SALE
7043235210,7076846051,아답터 12V2A 12V 2A 12V 어댑터 CCTV용 5.5mm 2.5mm,4500,500,SALE
7043217827,7076828562,아답터 12V2A 12V 2A 12V 어댑터 CCTV용 5.5mm 2.1mm,4000,717,SALE
6896471577,6929440126,조텍 VGA 중고 그래픽 GTX1080 Ti D5X 11GB BLOWER 벌크,230000,1,SUSPENSION
6816608281,6849216729,삼성전자 LED 22인치 모니터 베젤리스 LF22T350,189000,1,SUSPENSION
6797786052,6830307319,Dell V105 올인원 잉크젯 AC아답타 30V 0.50A,5000,30,SALE
6797398388,6829916474,페라이트코어 노이즈필터 코어 케이블 노이즈 필터,500,50,SALE
6797066324,6829581843,NXXO 신품 일반 이어폰 벌크,900,890,SALE
6797063694,6829579180,VX400RC 비대칭형 MP3 리모콘용 신품 이어폰 볼테크 이어폰,3900,916,SUSPENSION
6796994270,6829509173,INTEL 115x 백플레이트 빽플레이트 인텔 CPU 가이드 CPU 패널,900,999,SALE
6796905080,6829419343,SATA sata cable SATA3 케이블 일자형,500,2980,SALE
6796900286,6829414528,SATA sata cable SATA3 케이블 ㄱ자형,500,3000,SALE
6796897055,6829411272,SATA sata cable SATA3 케이블 셋트 (일자형+ㄱ자형),800,3000,SALE
6796890897,6829404998,SATA Cable sata cable SATA3 케이블 랜덤,500,3000,SALE
6794160270,6826659413,무선안테나 무선랜케이블 내장형 안테나 0.6m,1500,1996,SALE
6793895193,6826391507,GD4400 2D 스캐너 데이터로직 신품 바코드 스캐너,120000,2,SUSPENSION
6793853014,6826348748,테크스캔 CCD 1D 스캐너 바코드스캐너 TSK-750 win10용,47000,3,SUSPENSION
6793772517,6826267505,정품 삼성전자 TV 모니터 영문리모컨 BN59-01180A BN59-01302A BN59-01175A 영문 비즈니스 호텔 리모콘 외국인 전용,9000,192,SALE
6793769297,6826264242,LG AKB73715642 TV 호환 티비리모컨 엘지리모콘,11000,99,SALE
6793712246,6826206566,2구 케이블 8자 케이블 전원 케이블 파워 케이블 전원케이블 1m,1200,50,SALE
6793604015,6826097499,핸드폰 USB 듀얼 고속 충전기 어댑터 랜덤발송,5500,100,SALE
6793462364,6825955085,DP to DP 케이블 dp to dp 케이블 3m,5000,100,SALE
6793460864,6825953574,DP to DP 케이블 dp to dp 케이블 2m,4000,100,SALE
6793460300,6825953009,DP to DP 케이블 dp to dp 케이블 1.8m,3000,100,SALE
6793456946,6825949641,DP to DVI cable 신품 케이블 1.8m,4900,99,SALE
6793451944,6825944604,DP to DP 케이블 dp to dp 신품케이블 4K 8K 3m,5000,100,SALE
6793450885,6825943540,DP to DP 케이블 dp to dp 신품케이블 4K 8K 2m,4000,100,SALE
6793449498,6825942144,DP to DP 케이블 dp to dp 신품케이블 4K 8K 1.8m,3000,100,SALE
6793443322,6825935927,DP to DVI 1.8m 신품 모니터 PC 케이블,4900,100,SALE
6790152679,6822633833,LG전자 24인치 정전식 터치 모니터 24EN430H,368000,0,OUTOFSTOCK
6790144420,6822625480,LG전자 22인치 정전식 터치 모니터 22MN430 22EN430H,325000,10,SUSPENSION
6789928499,6822407471,HDMI 연장형 커넥터 L자형 커넥터 젠더 변환젠더 우측형,2500,100,SALE
6789926963,6822405902,HDMI 연장형 커넥터 L자형 커넥터 젠더 변환젠더 좌측형,2500,100,SALE
6789531476,6822006779,삼성 중고 노트북 4세대 NT870 사무용 인강 학습용 I7-4710 16G SSD480G Win10,388000,10,SUSPENSION
6789527495,6822002784,삼성 중고 노트북 4세대 NT870 사무용 인강 학습용 I7-4710 16G SSD256G Win10,365000,10,SUSPENSION
6789515271,6821990464,삼성 중고 노트북 4세대 NT870 사무용 인강 학습용 I7-4710 8G SSD256G Win10,325000,10,SUSPENSION
6789494780,6821969855,삼성 중고 노트북 NT371B5L 사무용 학습용 I5-6300 8G SSD256G Win10,348000,10,SUSPENSION
6789491109,6821966171,삼성 중고 노트북 NT371B5L 사무용 학습용 I5-6300 4G SSD256G Win10,319000,10,SUSPENSION
6789485477,6821960517,삼성 중고 노트북 NT371B5L 사무용 학습용 I5-6300 8G SSD128G+SSD256G Win10,378000,10,SUSPENSION
6789482151,6821957175,삼성 중고 노트북 NT371B5L 사무용 학습용 I5-6300 8G SSD128G+HDD500G Win10,358000,10,SUSPENSION
6789479261,6821954270,삼성 중고 노트북 NT371B5L 사무용 학습용 I5-6300 4G SSD128G+HDD500G Win10,329000,10,SUSPENSION
6789474891,6821949877,삼성 중고 노트북 NT371B5L 사무용 학습용 I5-6300 8G SSD128G Win10,316000,8,SUSPENSION
6789431611,6821906393,삼성 중고 노트북 NT371B5L 사무용 학습용 I5-6300 4G SSD128G Win10,286000,10,SUSPENSION
6454303872,6485241831,LG전자 IPS 디스플레이 19인치 신품 모니터 19CNT42K,370000,20,SALE
6443503991,6474391861,USB 유선 마우스 PM-538 저가 유선 마우스,2500,451,SALE
6443490154,6474377965,DELL 델 KB216 USB 유선 키보드 한글판,8000,100,SUSPENSION
6443445709,6474333139,삼성전자 신품 유선 USB 키보드 AA-KW1D5WB 키스킨 있음,12500,0,OUTOFSTOCK
6443432098,6474319455,삼성전자 신품 유선 USB 키보드 마우스 세트 AA-KW1D5WB,17500,89,SUSPENSION
6388443230,6419023886,LG 삼성 HP DELL 19인치 LED 중고 모니터 랜덤발송,65000,100,SALE
6385142930,6415703736,파나소닉 ET-LAEF100 순정품 빔프로젝터 램프,290000,3,SUSPENSION
6385135157,6415695776,파나소닉 ET-LAE300 순정품 빔프로젝터 램프,490000,1,SUSPENSION
6385131587,6415692276,엡손 EPSON ELPLP 63 순정품 빔프로젝터 램프,250000,0,OUTOFSTOCK
6385128725,6415689294,엡손 EPSON ELPLP 62 순정품 빔프로젝터 램프,250000,0,OUTOFSTOCK
6132195134,6161351322,LG 15Z960 그램 정품 키보드 6세대 화이트 키보드 신품,87000,65,SALE
6006975431,6035302334,HP JetDirect 620N J7934G 중고 네트워크카드,9000,48,SUSPENSION
5706021019,5731606150,삼성 고급 사무용 컴퓨터 본체 I5 3470 8G SSD 240G 윈10 리뉴얼,270070,99999,SALE
5706018134,5731603222,삼성 고급 사무용 컴퓨터 본체 I3 2100 8G SSD 240G 윈10 리뉴얼,240820,99999,SALE
5706012389,5731597309,삼성 고급 사무용 컴퓨터 본체 I5 2400 8G SSD 240G 윈10 리뉴얼,260320,99999,SALE
5705949054,5731533026,삼성 사무용 컴퓨터 본체  I5 3470 4G SSD 120G + HDD 500G HDMI USB 3.0 윈10 리뉴얼,271050,99999,SALE
5705938285,5731522230,삼성 사무용 컴퓨터 본체  I3 3220 8G SSD 240G 윈10 리뉴얼,250000,99999,SALE
5705918727,5731502514,삼성 슬림 사무용 컴퓨터 본체 I5 2400 8G SSD 240G + HDD 500G HDMI 윈10 리뉴얼,279000,99999,SALE
5705906180,5731489821,삼성 사무용 컴퓨터 본체 G2020 4G HDD 500G 윈10 리뉴얼,182000,99999,SALE
5705900504,5731484104,삼성 사무용 컴퓨터 본체 G2020 4G SSD 120G 윈10 리뉴얼,202000,99999,SALE
5705893198,5731476729,삼성 사무용 컴퓨터 본체 I5 2400 4G SSD 120G + HDD 500G HDMI 윈10 리뉴얼,264000,99999,SALE
5705857308,5731440505,삼성 슬림 사무용 컴퓨터 본체 I3 2100 4G SSD 240G + HDD 500G 윈10 리뉴얼,214920,99999,SALE
5705850122,5731433276,삼성 슬림 사무용 컴퓨터 본체 I3 3220 8G SSD 240G + HDD 500G 윈10 리뉴얼,283000,99999,SALE
5705837703,5731420775,삼성 슬림 사무용 컴퓨터 본체 I5 3470 8G SSD 240G + HDD 500G 윈10 리뉴얼,344000,99999,SALE
5635122978,5660015758,삼성전자 아티브원5 DM500A2J 2957U 8G 240G win10 중고 올인원PC 일체형PC,217000,8,SUSPENSION
5583174790,5607478570,IPTIME iptime 아이피타임 스위칭허브 HUB hub 5포트 5Port H505,9900,8,SUSPENSION
5581021080,5605301236,단프라 박스 노트북 박스 메인보드 박스 플라스틱 박스,35000,18,SUSPENSION
5567308269,5591431663,SATA 케이블 SATA2 케이블 SATA3 케이블 SSD 가이드 모음,300,299979,SALE
5231635674,5252048298,19V 3.42A 모니터 노트북 아답터 어댑터 LG 정품 벌크,13000,179,SUSPENSION
5231614990,5252027425,LG 모니터 정품 어댑터 아답타 벌크 19V 2.1A,14000,0,OUTOFSTOCK
5231588775,5252000958,LG 모니터 어댑터 LCAP43-E 아답타 19V 0.84A 전원일체형 벌크 (1.3A 호환사용),8900,489,SALE
5231544721,5251956418,LG 그램 아답타 LG 정품 아답타 중고 아답타 13z975 19V 2.1A 일체형 화이트,7000,181,SUSPENSION
5231516273,5251927699,V900 SSD가이드 3.5인치 변환 고급형 철재 가이드,2000,50,SALE
